{
    "@class": "Light",
    "id": {
        "uuid": "A573ADCD-FCB1-41CB-B9D3-E9F96376085F"
    },
    "lightType": "spot",
    "color": {
        "values": [
            0.8627451062202454,
            0.5647059082984924,
            0.13725490868091584
        ]
    },
    "intensity": 10.0,
    "radius": 9.239999771118164,
    "coneAngle": 76.0,
    "prenumbra": 1.1699999570846558,
    "shadowType": "no",
    "shadowSizeX": 16.0,
    "shadowSizeY": 16.0,
    "shadowResolutionX": 1024.0,
    "shadowResolutionY": 1024.0,
    "shadowDarkness": 1.0,
    "shadowBias": 0.5
}