{"@class":"Light","id":{"uuid":"056FE166-7464-40FC-A5E9-82F9E59BE780"},"lightType":"spot","color":{"values":[0.8274509906768799,0.1764705926179886,0.1764705926179886]},"intensity":10.0,"radius":22.081554412841798,"coneAngle":62.58470153808594,"prenumbra":10.0,"shadowType":"pcf","shadowSizeX":16.0,"shadowSizeY":16.0,"shadowResolutionX":1024.0,"shadowResolutionY":1024.0,"shadowDarkness":1.0,"shadowBias":0.5}