{
    "@class": "Light",
    "id": {
        "uuid": "07885275-FB50-40C1-A451-145ECC0A7F10"
    },
    "lightType": "spot",
    "color": {
        "values": [
            0.29411765933036806,
            0.7843137383460999,
            0.12156862765550614
        ]
    },
    "intensity": 5.0,
    "radius": 17.239999771118165,
    "coneAngle": 70.47000122070313,
    "prenumbra": 1.1699999570846558,
    "shadowType": "pcf",
    "shadowSizeX": 16.0,
    "shadowSizeY": 16.0,
    "shadowResolutionX": 1024.0,
    "shadowResolutionY": 1024.0,
    "shadowDarkness": 1.0,
    "shadowBias": 0.5
}