{
    "@class": "Light",
    "id": {
        "uuid": "0FB9D0E4-2831-407E-9334-3EAD84D5A715"
    },
    "lightType": "spot",
    "color": {
        "values": [
            0.09019608050584793,
            0.8289768695831299,
            0.1260852962732315
        ]
    },
    "intensity": 0.5,
    "radius": 14.239999771118164,
    "coneAngle": 66.0,
    "prenumbra": 4.800000190734863,
    "shadowType": "no",
    "shadowSizeX": 16.0,
    "shadowSizeY": 16.0,
    "shadowResolutionX": 1024.0,
    "shadowResolutionY": 1024.0,
    "shadowDarkness": 1.0,
    "shadowBias": 0.5
}