{"@class":"Light","id":{"uuid":"11BBBE24-CE3F-4BC0-B844-8D0A45B1FF8F"},"lightType":"spot","color":{"values":[0.8627451062202454,0.5647059082984924,0.13725490868091584]},"intensity":10.0,"radius":9.426798820495606,"coneAngle":59.470001220703128,"prenumbra":1.0,"shadowType":"pcf","shadowSizeX":16.0,"shadowSizeY":16.0,"shadowResolutionX":1024.0,"shadowResolutionY":1024.0,"shadowDarkness":1.0,"shadowBias":0.5}