{"@class":"Light","id":{"uuid":"141B34D6-B426-4D35-84B6-549A1035E9C7"},"lightType":"spot","color":{"values":[1.0,0.8524452447891235,0.6408331394195557]},"intensity":10.0,"radius":9.288297653198243,"coneAngle":53.75150680541992,"prenumbra":5.0,"shadowType":"pcf","shadowSizeX":16.0,"shadowSizeY":16.0,"shadowResolutionX":1024.0,"shadowResolutionY":1024.0,"shadowDarkness":1.0,"shadowBias":0.5}