{"@class":"Light","id":{"uuid":"14D4B74B-CA17-4CD7-8531-0C5865B9908F"},"lightType":"spot","color":{"values":[0.9058823585510254,0.6941176652908325,0.3960784375667572]},"intensity":5.0,"radius":24.173925399780275,"coneAngle":97.47041320800781,"prenumbra":20.0,"shadowType":"pcf","shadowSizeX":16.0,"shadowSizeY":16.0,"shadowResolutionX":1024.0,"shadowResolutionY":1024.0,"shadowDarkness":1.0,"shadowBias":0.5}