{"@class":"Light","id":{"uuid":"1BBFB0DD-6407-455B-BE2B-D0B29BD606F4"},"lightType":"spot","color":{"values":[0.15294118225574494,0.5686274766921997,0.8274509906768799]},"intensity":5.0,"radius":10.239999771118164,"coneAngle":55.470001220703128,"prenumbra":1.1699999570846558,"shadowType":"no","shadowSizeX":16.0,"shadowSizeY":16.0,"shadowResolutionX":1024.0,"shadowResolutionY":1024.0,"shadowDarkness":1.0,"shadowBias":0.5}