{
    "@class": "Light",
    "id": {
        "uuid": "1C98AFDA-BCAB-495F-A274-9E6E76C0BD39"
    },
    "lightType": "spot",
    "color": {
        "values": [
            0.9490196108818054,
            0.7803921699523926,
            0.46666666865348818
        ]
    },
    "intensity": 10.0,
    "radius": 17.709732055664064,
    "coneAngle": 70.0,
    "prenumbra": 10.0,
    "shadowType": "pcf",
    "shadowSizeX": 16.0,
    "shadowSizeY": 16.0,
    "shadowResolutionX": 1024.0,
    "shadowResolutionY": 1024.0,
    "shadowDarkness": 1.0,
    "shadowBias": 0.5
}