{"@class":"Light","id":{"uuid":"2345EF9D-23F4-467B-8808-C7ED143716A3"},"lightType":"spot","color":{"values":[0.09019608050584793,0.8289768695831299,0.1260852962732315]},"intensity":99.98999786376953,"radius":40.736427307128909,"coneAngle":40.14067077636719,"prenumbra":4.800000190734863,"shadowType":"pcf","shadowSizeX":16.0,"shadowSizeY":16.0,"shadowResolutionX":1024.0,"shadowResolutionY":1024.0,"shadowDarkness":1.0,"shadowBias":0.5}