{
    "@class": "Light",
    "id": {
        "uuid": "2AD38149-A301-459B-AE42-2D12386113BB"
    },
    "lightType": "spot",
    "color": {
        "values": [
            0.29019609093666079,
            0.6392157077789307,
            0.800000011920929
        ]
    },
    "intensity": 0.5,
    "radius": 26.0,
    "coneAngle": 91.0,
    "prenumbra": 5.0,
    "shadowType": "no",
    "shadowSizeX": 16.0,
    "shadowSizeY": 16.0,
    "shadowResolutionX": 1024.0,
    "shadowResolutionY": 1024.0,
    "shadowDarkness": 1.0,
    "shadowBias": 0.5
}