{
    "@class": "Light",
    "id": {
        "uuid": "2DF29263-ED5F-40CA-8FBC-AD79E44A8AC5"
    },
    "lightType": "spot",
    "color": {
        "values": [
            0.8274509906768799,
            0.1764705926179886,
            0.1764705926179886
        ]
    },
    "intensity": 50.0,
    "radius": 23.0,
    "coneAngle": 45.0,
    "prenumbra": 1.0,
    "shadowType": "no",
    "shadowSizeX": 16.0,
    "shadowSizeY": 16.0,
    "shadowResolutionX": 1024.0,
    "shadowResolutionY": 1024.0,
    "shadowDarkness": 1.0,
    "shadowBias": 0.5
}