{"@class":"Light","id":{"uuid":"31D8674B-EDF9-4B7A-A700-4098F7D7D93B"},"lightType":"spot","color":{"values":[0.09019608050584793,0.8289768695831299,0.1260852962732315]},"intensity":5.0,"radius":15.0,"coneAngle":78.58515930175781,"prenumbra":10.0,"shadowType":"pcf","shadowSizeX":16.0,"shadowSizeY":16.0,"shadowResolutionX":1024.0,"shadowResolutionY":1024.0,"shadowDarkness":1.0,"shadowBias":0.5}