{
    "@class": "Light",
    "id": {
        "uuid": "3A3EC34F-FA0A-4451-B164-44DC79EF2E49"
    },
    "lightType": "spot",
    "color": {
        "values": [
            0.09019608050584793,
            0.8289768695831299,
            0.1260852962732315
        ]
    },
    "intensity": 5.0,
    "radius": 15.0,
    "coneAngle": 120.0,
    "prenumbra": 0.0,
    "shadowType": "no",
    "shadowSizeX": 16.0,
    "shadowSizeY": 16.0,
    "shadowResolutionX": 1024.0,
    "shadowResolutionY": 1024.0,
    "shadowDarkness": 1.0,
    "shadowBias": 0.5
}