{"@class":"Light","id":{"uuid":"4059906D-F040-48FF-942E-1E355BD300FC"},"lightType":"spot","color":{"values":[0.8627451062202454,0.5647059082984924,0.13725490868091584]},"intensity":5.0,"radius":11.842338562011719,"coneAngle":73.86805725097656,"prenumbra":2.0,"shadowType":"pcf","shadowSizeX":16.0,"shadowSizeY":16.0,"shadowResolutionX":1024.0,"shadowResolutionY":1024.0,"shadowDarkness":1.0,"shadowBias":0.5}