{
    "@class": "Light",
    "id": {
        "uuid": "4162DD20-50FC-4594-81B1-04A23E5CBA8A"
    },
    "lightType": "spot",
    "color": {
        "values": [
            0.6627451181411743,
            0.545098066329956,
            0.4274509847164154
        ]
    },
    "intensity": 1.7100000381469727,
    "radius": 50.0,
    "coneAngle": 52.0,
    "prenumbra": 5.0,
    "shadowType": "no",
    "shadowSizeX": 16.0,
    "shadowSizeY": 16.0,
    "shadowResolutionX": 1024.0,
    "shadowResolutionY": 1024.0,
    "shadowDarkness": 1.0,
    "shadowBias": 0.5
}