{
    "@class": "Light",
    "id": {
        "uuid": "4C1138D7-0093-48FF-9C49-BE466F78D8DA"
    },
    "lightType": "spot",
    "color": {
        "values": [
            0.8274509906768799,
            0.1764705926179886,
            0.1764705926179886
        ]
    },
    "intensity": 3.0,
    "radius": 5.0,
    "coneAngle": 45.0,
    "prenumbra": 1.0,
    "shadowType": "no",
    "shadowSizeX": 16.0,
    "shadowSizeY": 16.0,
    "shadowResolutionX": 1024.0,
    "shadowResolutionY": 1024.0,
    "shadowDarkness": 1.0,
    "shadowBias": 0.5
}