{"@class":"Light","id":{"uuid":"4DAD7162-D4FB-4928-909B-43B28D6ED7B9"},"lightType":"spot","color":{"values":[0.8274509906768799,0.40207523107528689,0.2984206974506378]},"intensity":0.30000001192092898,"radius":100.0,"coneAngle":63.0,"prenumbra":2.0,"shadowType":"no","shadowSizeX":16.0,"shadowSizeY":16.0,"shadowResolutionX":1024.0,"shadowResolutionY":1024.0,"shadowDarkness":1.0,"shadowBias":0.5}