{"@class":"Light","id":{"uuid":"4DFA77FA-3824-43CE-A222-C298FBB3898C"},"lightType":"spot","color":{"values":[0.29411765933036806,0.7843137383460999,0.12156862765550614]},"intensity":3.0,"radius":17.239999771118165,"coneAngle":100.0,"prenumbra":10.0,"shadowType":"no","shadowSizeX":16.0,"shadowSizeY":16.0,"shadowResolutionX":1024.0,"shadowResolutionY":1024.0,"shadowDarkness":1.0,"shadowBias":0.5}