{
    "@class": "Light",
    "id": {
        "uuid": "54B59FCF-5A4C-43FA-AD2F-5E4EF56D494F"
    },
    "lightType": "spot",
    "color": {
        "values": [
            0.8627451062202454,
            0.5647059082984924,
            0.13725490868091584
        ]
    },
    "intensity": 10.0,
    "radius": 37.737892150878909,
    "coneAngle": 45.0,
    "prenumbra": 10.0,
    "shadowType": "pcf",
    "shadowSizeX": 16.0,
    "shadowSizeY": 16.0,
    "shadowResolutionX": 1024.0,
    "shadowResolutionY": 1024.0,
    "shadowDarkness": 1.0,
    "shadowBias": 0.5
}