{"@class":"Light","id":{"uuid":"62E3BF33-0206-48C2-8862-03E6D63B8822"},"lightType":"spot","color":{"values":[0.8627451062202454,0.5647059082984924,0.13725490868091584]},"intensity":10.0,"radius":9.239999771118164,"coneAngle":76.0,"prenumbra":10.0,"shadowType":"no","shadowSizeX":16.0,"shadowSizeY":16.0,"shadowResolutionX":1024.0,"shadowResolutionY":1024.0,"shadowDarkness":1.0,"shadowBias":0.5}