{"@class":"Light","id":{"uuid":"6726AAE0-1B14-4786-8871-51397250D1F2"},"lightType":"spot","color":{"values":[0.8980392217636108,0.8784313797950745,0.40784314274787905]},"intensity":1.0,"radius":8.0,"coneAngle":105.0,"prenumbra":20.0,"shadowType":"pcf","shadowSizeX":16.0,"shadowSizeY":16.0,"shadowResolutionX":1024.0,"shadowResolutionY":1024.0,"shadowDarkness":1.0,"shadowBias":0.5}