{"@class":"Light","id":{"uuid":"6B1338A6-E093-4918-9EA8-9958A50DA4E1"},"lightType":"spot","color":{"values":[0.8627451062202454,0.5647059082984924,0.13725490868091584]},"intensity":1.0,"radius":20.860000610351564,"coneAngle":83.0617446899414,"prenumbra":10.0,"shadowType":"pcf","shadowSizeX":16.0,"shadowSizeY":16.0,"shadowResolutionX":1024.0,"shadowResolutionY":1024.0,"shadowDarkness":1.0,"shadowBias":0.5}