{"@class":"Light","id":{"uuid":"6C120BDF-EE0F-4936-B08B-F74BF9E95B40"},"lightType":"spot","color":{"values":[0.40784314274787905,0.6980392336845398,0.8784313797950745]},"intensity":1.0,"radius":10.0,"coneAngle":100.0,"prenumbra":20.0,"shadowType":"pcf","shadowSizeX":16.0,"shadowSizeY":16.0,"shadowResolutionX":1024.0,"shadowResolutionY":1024.0,"shadowDarkness":1.0,"shadowBias":0.5}