{"@class":"Light","id":{"uuid":"7030F1D3-30F0-4626-A841-0725DB2FBB11"},"lightType":"spot","color":{"values":[0.45490196347236636,0.501960813999176,0.9921568632125855]},"intensity":3.0,"radius":23.111160278320314,"coneAngle":73.49006652832031,"prenumbra":3.0,"shadowType":"no","shadowSizeX":16.0,"shadowSizeY":16.0,"shadowResolutionX":1024.0,"shadowResolutionY":1024.0,"shadowDarkness":1.0,"shadowBias":0.5}