{"@class":"Light","id":{"uuid":"7C4B1FE7-6A63-4A69-BF3C-3C1ED0A4DDD4"},"lightType":"spot","color":{"values":[0.09019608050584793,0.6826428771018982,0.33949798345565798]},"intensity":0.5,"radius":15.239999771118164,"coneAngle":100.0,"prenumbra":5.0,"shadowType":"no","shadowSizeX":16.0,"shadowSizeY":16.0,"shadowResolutionX":1024.0,"shadowResolutionY":1024.0,"shadowDarkness":1.0,"shadowBias":0.5}