{"@class":"Light","id":{"uuid":"85AB8F98-57B5-4F29-ABE2-9E754BBC3D06"},"lightType":"spot","color":{"values":[0.8274509906768799,0.1764705926179886,0.1764705926179886]},"intensity":3.0,"radius":29.064783096313478,"coneAngle":91.9372329711914,"prenumbra":10.0,"shadowType":"pcf","shadowSizeX":16.0,"shadowSizeY":16.0,"shadowResolutionX":1024.0,"shadowResolutionY":1024.0,"shadowDarkness":1.0,"shadowBias":0.5}