{"@class":"Light","id":{"uuid":"872B53DD-1CF0-43C0-82B9-DD8BA3461EEB"},"lightType":"spot","color":{"values":[0.09019608050584793,0.8289768695831299,0.1260852962732315]},"intensity":5.0,"radius":29.28984832763672,"coneAngle":101.30374145507813,"prenumbra":4.800000190734863,"shadowType":"no","shadowSizeX":16.0,"shadowSizeY":16.0,"shadowResolutionX":1024.0,"shadowResolutionY":1024.0,"shadowDarkness":1.0,"shadowBias":0.5}