{"@class":"Light","id":{"uuid":"8ABB1457-C52F-4520-B4A8-64595E2E3E62"},"lightType":"spot","color":{"values":[0.09019608050584793,0.34117648005485537,0.49803921580314639]},"intensity":1.0,"radius":14.289034843444825,"coneAngle":64.7987289428711,"prenumbra":5.0,"shadowType":"no","shadowSizeX":16.0,"shadowSizeY":16.0,"shadowResolutionX":1024.0,"shadowResolutionY":1024.0,"shadowDarkness":1.0,"shadowBias":0.5}