{"@class":"Light","id":{"uuid":"913086EE-1BC9-4E80-952B-BF1ABA1FE50F"},"lightType":"spot","color":{"values":[0.8274509906768799,0.1764705926179886,0.1764705926179886]},"intensity":5.0,"radius":27.32625389099121,"coneAngle":57.528236389160159,"prenumbra":10.0,"shadowType":"pcf","shadowSizeX":16.0,"shadowSizeY":16.0,"shadowResolutionX":1024.0,"shadowResolutionY":1024.0,"shadowDarkness":1.0,"shadowBias":0.5}