{"@class":"Light","id":{"uuid":"922A15F4-1D87-4C89-8A12-F9CCD538D068"},"lightType":"spot","color":{"values":[0.09019608050584793,0.34117648005485537,0.49803921580314639]},"intensity":0.5,"radius":11.491230010986329,"coneAngle":63.040916442871097,"prenumbra":5.0,"shadowType":"no","shadowSizeX":16.0,"shadowSizeY":16.0,"shadowResolutionX":1024.0,"shadowResolutionY":1024.0,"shadowDarkness":1.0,"shadowBias":0.5}