{"@class":"Light","id":{"uuid":"939B2DC6-93E4-4385-A2E0-A01823EBD2FB"},"lightType":"spot","color":{"values":[0.29019609093666079,0.6392157077789307,0.800000011920929]},"intensity":99.98999786376953,"radius":10.0,"coneAngle":56.0,"prenumbra":5.0,"shadowType":"no","shadowSizeX":16.0,"shadowSizeY":16.0,"shadowResolutionX":1024.0,"shadowResolutionY":1024.0,"shadowDarkness":1.0,"shadowBias":0.5}