{
    "@class": "Light",
    "id": {
        "uuid": "941025D5-43CE-40AB-B542-C9EC55CB6DFA"
    },
    "lightType": "spot",
    "color": {
        "values": [
            0.4745098054409027,
            1.0,
            0.5098039507865906
        ]
    },
    "intensity": 0.15000000596046449,
    "radius": 39.0,
    "coneAngle": 45.0,
    "prenumbra": 3.200000047683716,
    "shadowType": "no",
    "shadowSizeX": 16.0,
    "shadowSizeY": 16.0,
    "shadowResolutionX": 1024.0,
    "shadowResolutionY": 1024.0,
    "shadowDarkness": 1.0,
    "shadowBias": 0.5
}