{"@class":"Light","id":{"uuid":"960670DB-CE37-4D1D-A173-96A6243ED282"},"lightType":"spot","color":{"values":[0.09019608050584793,0.8289768695831299,0.1260852962732315]},"intensity":5.0,"radius":22.556636810302736,"coneAngle":97.47041320800781,"prenumbra":20.0,"shadowType":"no","shadowSizeX":16.0,"shadowSizeY":16.0,"shadowResolutionX":1024.0,"shadowResolutionY":1024.0,"shadowDarkness":1.0,"shadowBias":0.5}