{"@class":"Light","id":{"uuid":"9E490595-D409-472D-B399-2C32CD666F49"},"lightType":"spot","color":{"values":[0.8627451062202454,0.5647059082984924,0.13725490868091584]},"intensity":5.0,"radius":28.016664505004884,"coneAngle":78.39624786376953,"prenumbra":5.0,"shadowType":"pcf","shadowSizeX":16.0,"shadowSizeY":16.0,"shadowResolutionX":1024.0,"shadowResolutionY":1024.0,"shadowDarkness":1.0,"shadowBias":0.5}