{"@class":"Light","id":{"uuid":"A1FE9527-7FDD-4B9F-9EA6-A7C9E8AB3B80"},"lightType":"spot","color":{"values":[0.8274509906768799,0.1764705926179886,0.1764705926179886]},"intensity":5.0,"radius":22.081554412841798,"coneAngle":68.41438293457031,"prenumbra":10.0,"shadowType":"pcf","shadowSizeX":16.0,"shadowSizeY":16.0,"shadowResolutionX":1024.0,"shadowResolutionY":1024.0,"shadowDarkness":1.0,"shadowBias":0.5}