{"@class":"Light","id":{"uuid":"A3F980C5-2088-4B3D-A632-4C9482131377"},"lightType":"spot","color":{"values":[0.09019608050584793,0.34117648005485537,0.49803921580314639]},"intensity":0.5,"radius":15.239999771118164,"coneAngle":100.0,"prenumbra":5.0,"shadowType":"no","shadowSizeX":16.0,"shadowSizeY":16.0,"shadowResolutionX":1024.0,"shadowResolutionY":1024.0,"shadowDarkness":1.0,"shadowBias":0.5}