{
    "@class": "Light",
    "id": {
        "uuid": "AA40D900-3871-4DAB-96AB-B3E11289DC34"
    },
    "lightType": "point",
    "color": {
        "values": [
            0.15294118225574494,
            0.5686274766921997,
            0.8274509906768799
        ]
    },
    "intensity": 3.0,
    "radius": 19.0,
    "coneAngle": 45.0,
    "prenumbra": 1.0,
    "shadowType": "no",
    "shadowSizeX": 16.0,
    "shadowSizeY": 16.0,
    "shadowResolutionX": 1024.0,
    "shadowResolutionY": 1024.0,
    "shadowDarkness": 1.0,
    "shadowBias": 0.5
}