{
    "@class": "Light",
    "id": {
        "uuid": "AE3220B1-41E0-498E-BB7C-05974D23995C"
    },
    "lightType": "spot",
    "color": {
        "values": [
            0.9058823585510254,
            0.6941176652908325,
            0.3960784375667572
        ]
    },
    "intensity": 1.2999999523162842,
    "radius": 54.0,
    "coneAngle": 57.0,
    "prenumbra": 1.0,
    "shadowType": "no",
    "shadowSizeX": 16.0,
    "shadowSizeY": 16.0,
    "shadowResolutionX": 1024.0,
    "shadowResolutionY": 1024.0,
    "shadowDarkness": 1.0,
    "shadowBias": 0.5
}