{
    "@class": "Light",
    "id": {
        "uuid": "AE61997D-94F1-435D-8AB8-4473B2D859A2"
    },
    "lightType": "point",
    "color": {
        "values": [
            0.3529411852359772,
            0.6313725709915161,
            0.16470588743686677
        ]
    },
    "intensity": 5.0,
    "radius": 13.579999923706055,
    "coneAngle": 45.0,
    "prenumbra": 1.0,
    "shadowType": "pcf",
    "shadowSizeX": 16.0,
    "shadowSizeY": 16.0,
    "shadowResolutionX": 1024.0,
    "shadowResolutionY": 1024.0,
    "shadowDarkness": 1.0,
    "shadowBias": 0.5
}