{"@class":"Light","id":{"uuid":"B3859AC2-8F31-46B3-AEB5-439BBF5A5000"},"lightType":"spot","color":{"values":[0.8627451062202454,0.5647059082984924,0.13725490868091584]},"intensity":10.0,"radius":13.814108848571778,"coneAngle":64.5035171508789,"prenumbra":10.0,"shadowType":"pcf","shadowSizeX":16.0,"shadowSizeY":16.0,"shadowResolutionX":1024.0,"shadowResolutionY":1024.0,"shadowDarkness":1.0,"shadowBias":0.5}