{"@class":"Light","id":{"uuid":"B3BDB019-0DCB-46E0-88D7-B76EFC3937EA"},"lightType":"spot","color":{"values":[0.29019609093666079,0.6392157077789307,0.800000011920929]},"intensity":0.30000001192092898,"radius":38.08085250854492,"coneAngle":82.40515899658203,"prenumbra":10.0,"shadowType":"no","shadowSizeX":16.0,"shadowSizeY":16.0,"shadowResolutionX":1024.0,"shadowResolutionY":1024.0,"shadowDarkness":1.0,"shadowBias":0.5}