{"@class":"Light","id":{"uuid":"B707FB89-24B6-4C2A-AD23-406FCA9DB310"},"lightType":"spot","color":{"values":[0.29019609093666079,0.6392157077789307,0.800000011920929]},"intensity":1.0,"radius":44.3014030456543,"coneAngle":91.92140197753906,"prenumbra":10.0,"shadowType":"no","shadowSizeX":16.0,"shadowSizeY":16.0,"shadowResolutionX":1024.0,"shadowResolutionY":1024.0,"shadowDarkness":1.0,"shadowBias":0.5}