{
    "@class": "Light",
    "id": {
        "uuid": "BCF1EB83-AEB8-4F09-BBCA-127BDEF21CFD"
    },
    "lightType": "spot",
    "color": {
        "values": [
            0.8980392217636108,
            0.8784313797950745,
            0.40784314274787905
        ]
    },
    "intensity": 1.0,
    "radius": 10.0,
    "coneAngle": 100.0,
    "prenumbra": 20.0,
    "shadowType": "pcf",
    "shadowSizeX": 16.0,
    "shadowSizeY": 16.0,
    "shadowResolutionX": 1024.0,
    "shadowResolutionY": 1024.0,
    "shadowDarkness": 1.0,
    "shadowBias": 0.5
}