{"@class":"Light","id":{"uuid":"BDCEAF00-C611-4656-BB88-7E487494C158"},"lightType":"spot","color":{"values":[0.8274509906768799,0.1764705926179886,0.1764705926179886]},"intensity":10.0,"radius":35.0,"coneAngle":45.0,"prenumbra":1.0,"shadowType":"no","shadowSizeX":16.0,"shadowSizeY":16.0,"shadowResolutionX":1024.0,"shadowResolutionY":1024.0,"shadowDarkness":1.0,"shadowBias":0.5}