{
    "@class": "Light",
    "id": {
        "uuid": "C078CA6D-E61F-4652-BE39-A30E6F48FF33"
    },
    "lightType": "point",
    "color": {
        "values": [
            0.8274509906768799,
            0.1764705926179886,
            0.1764705926179886
        ]
    },
    "intensity": 0.10000000149011612,
    "radius": 13.0,
    "coneAngle": 45.0,
    "prenumbra": 1.0,
    "shadowType": "pcf",
    "shadowSizeX": 16.0,
    "shadowSizeY": 16.0,
    "shadowResolutionX": 1024.0,
    "shadowResolutionY": 1024.0,
    "shadowDarkness": 1.0,
    "shadowBias": 0.5
}