{"@class":"Light","id":{"uuid":"CA9BD162-497F-4218-8712-AFE656C65A32"},"lightType":"spot","color":{"values":[0.9058823585510254,0.6941176652908325,0.3960784375667572]},"intensity":5.0,"radius":66.0692138671875,"coneAngle":106.5591049194336,"prenumbra":8.0,"shadowType":"no","shadowSizeX":16.0,"shadowSizeY":16.0,"shadowResolutionX":1024.0,"shadowResolutionY":1024.0,"shadowDarkness":1.0,"shadowBias":0.5}