{"@class":"Light","id":{"uuid":"D36F6F8F-43C3-4393-9B9C-965DFE850D79"},"lightType":"spot","color":{"values":[0.8627451062202454,0.5647059082984924,0.13725490868091584]},"intensity":5.0,"radius":15.604703903198243,"coneAngle":45.0,"prenumbra":5.0,"shadowType":"pcf","shadowSizeX":16.0,"shadowSizeY":16.0,"shadowResolutionX":1024.0,"shadowResolutionY":1024.0,"shadowDarkness":1.0,"shadowBias":0.5}