{"@class":"Light","id":{"uuid":"DFCEDA4C-6500-45CE-A63F-56DC8F635B6E"},"lightType":"spot","color":{"values":[0.8274509906768799,0.1764705926179886,0.1764705926179886]},"intensity":3.0,"radius":27.391794204711915,"coneAngle":91.9372329711914,"prenumbra":10.0,"shadowType":"pcf","shadowSizeX":16.0,"shadowSizeY":16.0,"shadowResolutionX":1024.0,"shadowResolutionY":1024.0,"shadowDarkness":1.0,"shadowBias":0.5}