{"@class":"Light","id":{"uuid":"E8D46F96-D2D6-453A-870B-10D07DE57622"},"lightType":"spot","color":{"values":[0.29019609093666079,0.6392157077789307,0.800000011920929]},"intensity":1.0,"radius":31.696807861328126,"coneAngle":107.05636596679688,"prenumbra":5.0,"shadowType":"no","shadowSizeX":16.0,"shadowSizeY":16.0,"shadowResolutionX":1024.0,"shadowResolutionY":1024.0,"shadowDarkness":1.0,"shadowBias":0.5}