{"@class":"Light","id":{"uuid":"EBFA5157-EED7-4EE3-A2ED-0D524E8CC951"},"lightType":"spot","color":{"values":[0.15294118225574494,0.5686274766921997,0.8274509906768799]},"intensity":2.0,"radius":20.439077377319337,"coneAngle":93.71244049072266,"prenumbra":20.0,"shadowType":"no","shadowSizeX":16.0,"shadowSizeY":16.0,"shadowResolutionX":1024.0,"shadowResolutionY":1024.0,"shadowDarkness":1.0,"shadowBias":0.5}