{"@class":"Light","id":{"uuid":"F908998E-4C1C-42CB-BB68-902EF4A37AAA"},"lightType":"point","color":{"values":[0.8470588326454163,0.239215686917305,0.10196078568696976]},"intensity":0.6299999952316284,"radius":23.579999923706056,"coneAngle":45.0,"prenumbra":1.0,"shadowType":"pcf","shadowSizeX":16.0,"shadowSizeY":16.0,"shadowResolutionX":1024.0,"shadowResolutionY":1024.0,"shadowDarkness":1.0,"shadowBias":0.5}