{
    "@class": "Light",
    "id": {
        "uuid": "FB87B7A4-4238-454B-A60E-57E23320BE18"
    },
    "lightType": "spot",
    "color": {
        "values": [
            0.15294118225574494,
            0.6234989166259766,
            1.0
        ]
    },
    "intensity": 11.100000381469727,
    "radius": 36.0,
    "coneAngle": 77.0,
    "prenumbra": 1.0,
    "shadowType": "no",
    "shadowSizeX": 16.0,
    "shadowSizeY": 16.0,
    "shadowResolutionX": 1024.0,
    "shadowResolutionY": 1024.0,
    "shadowDarkness": 1.0,
    "shadowBias": 0.5
}