{"@class":"CameraFollowScript","id":{"uuid":"96703643-E368-4645-8625-BD2E07BDC376"},"name":"CameraFollowScript","enableOnAwake":true,"postprocessing":{"uuid":"F2B2FB1B-A65C-4A43-9EC7-50AF3F943784"},"objectToFollow":{"uuid":"DFAD8647-0D8C-43FC-AAC9-971196A9A982"},"isFollowDisabled":false,"isAutoCreateCamera":true,"isTargetFixation":false,"isUseLevelLimits":false,"isUseCameraLimits":true,"isTargetFixationAtStart":false,"isTargetFixationX":false,"isTargetFixationY":false,"isTargetFixationZ":false,"smoothSpeed":0.06000000238418579,"cameraType":"perspective","fov":60.0,"zNear":0.10000000149011612,"zFar":9999.0,"zoom":0.05000000074505806,"aspectRatio":1.3300000429153443,"cameraLimitMinX":-2.6206302642822267,"cameraLimitMinY":0.8251943588256836,"cameraLimitMinZ":0.0,"cameraLimitMaxX":1.675384521484375,"cameraLimitMaxY":3.6551432609558107,"cameraLimitMaxZ":0.0,"cameraOffsetX":0.0,"cameraOffsetY":4.0,"cameraOffsetZ":15.0,"cameraOffsetRotation":{"values":[-0.09196340292692185,-0.06078789383172989,-0.0056246197782456879,0.9938892722129822]},"shouldApplyToPositionX":true,"shouldApplyToPositionY":true,"shouldApplyToPositionZ":true}