{
    "@class": "Script_PostFX",
    "id": {
        "uuid": "F2B2FB1B-A65C-4A43-9EC7-50AF3F943784"
    },
    "name": "Script_PostFX",
    "enableOnAwake": false,
    "bloom_enabled": true,
    "bloomResolutionFactor_high": 8.0,
    "bloomResolutionFactor_med": 16.0,
    "bloomResolutionFactor_low": 32.0,
    "cascade_high_enabled": true,
    "cascade_med_enabled": true,
    "cascade_low_enabled": true,
    "field_1": {
        "values": [
            0.20000000298023225,
            0.20000000298023225,
            0.20000000298023225
        ]
    },
    "field_2": {
        "values": [
            0.09803921729326248,
            0.09803921729326248,
            0.09803921729326248
        ]
    },
    "field_3": {
        "values": [
            0.05000000074505806,
            0.05000000074505806,
            0.05000000074505806
        ]
    },
    "BaseSaturation": 1.0,
    "BaseIntensity": 1.0,
    "BloomSaturation": 20.0,
    "BloomIntensity": 2.0,
    "chromatic_aberration_enabled": true,
    "chromatic_aberration_scale": 0.10000000149011612,
    "dof_enabled": false,
    "dof_range": 7.0,
    "dof_distance": 4.0,
    "fxaa_enabled": true,
    "Brightness": 1.0,
    "Contrast": 1.0,
    "Gamma": 1.0,
    "SRGB": true,
    "fog_enabled": 0.6000000238418579,
    "fog_start": 0.25,
    "fog_end": 0.75
}