{"@class":"AudioSource","id":{"uuid":"3EC94527-4D53-4D21-B124-4080FBAC0570"},"volume":1.0,"volumeModulation":1.0,"pitch":1.0,"pitchModulation":1.0,"minDistance":23.396060943603517,"maxDistance":25.13751220703125,"rollof":1,"panOverride":true}