{"@class":"AudioSource","id":{"uuid":"72F1B9CD-2543-41F0-BA22-35B1BBEF4C2E"},"volume":1.0,"volumeModulation":1.0,"pitch":1.0,"pitchModulation":1.0,"minDistance":13.036331176757813,"maxDistance":26.572782516479493,"rollof":1,"panOverride":true}