{"@class":"AudioSource","id":{"uuid":"83640630-680F-4DCD-BD36-BAD12915C8EE"},"volume":1.0,"volumeModulation":1.0,"pitch":1.0,"pitchModulation":1.0,"minDistance":14.555033683776856,"maxDistance":21.815034866333009,"rollof":1,"panOverride":true}